"https://dummyimage.com/524x137,Find including chance executive institution big sing spend."
"https://placeimg.com/444/119/any,Five hour show economy."
"https://placekitten.com/788/557,Series herself third worker certain role country accept."
"https://placekitten.com/717/810,Action up ground film eight clearly."
"https://www.lorempixel.com/684/786,Grow watch character memory professor authority."
"https://placekitten.com/612/166,Nice realize rule per management."
"https://www.lorempixel.com/643/340,Treat city hard movie Mr specific well hour expert."
"https://placeimg.com/384/933/any,Before brother star chair animal."
"https://www.lorempixel.com/223/803,Return factor each while analysis."
"https://www.lorempixel.com/198/390,Activity official base meeting discuss article their."
